{
  "injection": {
    "T_block_at_1pct_FPR": 0.9403395056724548,
    "T_review_lower_at_2pct_FPR": 0.8692067861557007
  }
}